,Top,RH,x,condition
1,14,0,1,indoor
2,29,5,1,indoor
3,49,6,1,indoor
4,19,10,3,indoor
5,22,10,6,indoor
6,23,10,2,indoor
7,24,10,4,indoor
8,25,10,1,indoor
9,26,10,2,indoor
10,27,10,1,indoor
11,28,10,1,indoor
12,29,10,4,indoor
13,30,10,2,indoor
14,31,10,2,indoor
15,16,11,1,indoor
16,20,11,1,indoor
17,21,11,1,indoor
18,22,11,6,indoor
19,23,11,8,indoor
20,25,11,1,indoor
21,29,11,1,indoor
22,30,11,1,indoor
23,12,12,1,indoor
24,13,12,1,indoor
25,15,12,1,indoor
26,20,12,1,indoor
27,21,12,1,indoor
28,22,12,4,indoor
29,23,12,13,indoor
30,24,12,3,indoor
31,25,12,9,indoor
32,26,12,4,indoor
33,27,12,5,indoor
34,28,12,1,indoor
35,29,12,11,indoor
36,30,12,11,indoor
37,31,12,12,indoor
38,32,12,2,indoor
39,14,13,4,indoor
40,15,13,1,indoor
41,16,13,1,indoor
42,17,13,1,indoor
43,18,13,3,indoor
44,19,13,2,indoor
45,20,13,7,indoor
46,21,13,1,indoor
47,22,13,1,indoor
48,23,13,1,indoor
49,24,13,6,indoor
50,25,13,5,indoor
51,26,13,3,indoor
52,27,13,3,indoor
53,30,13,1,indoor
54,31,13,1,indoor
55,17,14,1,indoor
56,18,14,1,indoor
57,20,14,2,indoor
58,21,14,10,indoor
59,22,14,23,indoor
60,23,14,10,indoor
61,24,14,3,indoor
62,25,14,7,indoor
63,26,14,5,indoor
64,27,14,4,indoor
65,28,14,3,indoor
66,29,14,7,indoor
67,30,14,1,indoor
68,31,14,1,indoor
69,20,15,2,indoor
70,21,15,1,indoor
71,22,15,5,indoor
72,23,15,6,indoor
73,24,15,2,indoor
74,25,15,2,indoor
75,26,15,1,indoor
76,28,15,2,indoor
77,29,15,2,indoor
78,30,15,6,indoor
79,31,15,3,indoor
80,14,16,1,indoor
81,21,16,3,indoor
82,22,16,6,indoor
83,23,16,5,indoor
84,24,16,3,indoor
85,25,16,3,indoor
86,28,16,1,indoor
87,30,16,2,indoor
88,14,17,1,indoor
89,17,17,2,indoor
90,20,17,1,indoor
91,21,17,3,indoor
92,22,17,6,indoor
93,23,17,13,indoor
94,24,17,9,indoor
95,25,17,5,indoor
96,26,17,4,indoor
97,27,17,3,indoor
98,28,17,2,indoor
99,29,17,2,indoor
100,30,17,2,indoor
101,32,17,1,indoor
102,33,17,1,indoor
103,17,18,1,indoor
104,20,18,1,indoor
105,21,18,1,indoor
106,22,18,11,indoor
107,23,18,17,indoor
108,24,18,9,indoor
109,25,18,5,indoor
110,26,18,3,indoor
111,28,18,2,indoor
112,29,18,2,indoor
113,30,18,1,indoor
114,31,18,1,indoor
115,15,19,1,indoor
116,16,19,1,indoor
117,18,19,3,indoor
118,20,19,2,indoor
119,21,19,4,indoor
120,22,19,6,indoor
121,23,19,18,indoor
122,24,19,19,indoor
123,25,19,5,indoor
124,26,19,1,indoor
125,27,19,2,indoor
126,28,19,1,indoor
127,29,19,4,indoor
128,30,19,1,indoor
129,31,19,3,indoor
130,32,19,1,indoor
131,16,20,2,indoor
132,19,20,1,indoor
133,20,20,1,indoor
134,21,20,3,indoor
135,22,20,15,indoor
136,23,20,44,indoor
137,24,20,23,indoor
138,25,20,18,indoor
139,26,20,3,indoor
140,27,20,4,indoor
141,28,20,2,indoor
142,29,20,1,indoor
143,30,20,2,indoor
144,31,20,1,indoor
145,32,20,2,indoor
146,16,21,1,indoor
147,19,21,2,indoor
148,20,21,2,indoor
149,21,21,6,indoor
150,22,21,14,indoor
151,23,21,59,indoor
152,24,21,39,indoor
153,25,21,27,indoor
154,27,21,6,indoor
155,30,21,1,indoor
156,31,21,1,indoor
157,12,22,1,indoor
158,16,22,5,indoor
159,17,22,4,indoor
160,18,22,3,indoor
161,20,22,10,indoor
162,21,22,24,indoor
163,22,22,39,indoor
164,23,22,112,indoor
165,24,22,88,indoor
166,25,22,17,indoor
167,26,22,6,indoor
168,27,22,9,indoor
169,28,22,3,indoor
170,29,22,3,indoor
171,30,22,1,indoor
172,31,22,1,indoor
173,34,22,1,indoor
174,39,22,1,indoor
175,10,23,1,indoor
176,16,23,2,indoor
177,17,23,2,indoor
178,18,23,1,indoor
179,19,23,1,indoor
180,20,23,3,indoor
181,21,23,7,indoor
182,22,23,19,indoor
183,23,23,86,indoor
184,24,23,73,indoor
185,25,23,14,indoor
186,26,23,12,indoor
187,27,23,4,indoor
188,28,23,3,indoor
189,30,23,7,indoor
190,31,23,2,indoor
191,34,23,1,indoor
192,16,24,4,indoor
193,17,24,2,indoor
194,18,24,1,indoor
195,19,24,1,indoor
196,20,24,4,indoor
197,21,24,14,indoor
198,22,24,49,indoor
199,23,24,134,indoor
200,24,24,83,indoor
201,25,24,27,indoor
202,26,24,9,indoor
203,27,24,15,indoor
204,28,24,2,indoor
205,29,24,4,indoor
206,30,24,2,indoor
207,31,24,2,indoor
208,16,25,2,indoor
209,17,25,2,indoor
210,18,25,3,indoor
211,19,25,6,indoor
212,20,25,8,indoor
213,21,25,7,indoor
214,22,25,46,indoor
215,23,25,93,indoor
216,24,25,63,indoor
217,25,25,28,indoor
218,26,25,6,indoor
219,27,25,5,indoor
220,28,25,2,indoor
221,30,25,8,indoor
222,31,25,1,indoor
223,32,25,1,indoor
224,34,25,1,indoor
225,14,26,2,indoor
226,15,26,1,indoor
227,16,26,1,indoor
228,17,26,1,indoor
229,18,26,4,indoor
230,19,26,3,indoor
231,20,26,4,indoor
232,21,26,30,indoor
233,22,26,74,indoor
234,23,26,160,indoor
235,24,26,80,indoor
236,25,26,43,indoor
237,26,26,9,indoor
238,27,26,9,indoor
239,28,26,6,indoor
240,29,26,11,indoor
241,30,26,10,indoor
242,31,26,3,indoor
243,32,26,1,indoor
244,14,27,1,indoor
245,15,27,1,indoor
246,17,27,3,indoor
247,18,27,4,indoor
248,19,27,2,indoor
249,20,27,2,indoor
250,21,27,16,indoor
251,22,27,84,indoor
252,23,27,143,indoor
253,24,27,78,indoor
254,25,27,25,indoor
255,26,27,4,indoor
256,27,27,7,indoor
257,28,27,5,indoor
258,29,27,12,indoor
259,30,27,4,indoor
260,31,27,2,indoor
261,32,27,1,indoor
262,33,27,1,indoor
263,37,27,1,indoor
264,11,28,2,indoor
265,14,28,1,indoor
266,15,28,2,indoor
267,16,28,2,indoor
268,17,28,1,indoor
269,18,28,2,indoor
270,19,28,10,indoor
271,20,28,8,indoor
272,21,28,40,indoor
273,22,28,98,indoor
274,23,28,137,indoor
275,24,28,87,indoor
276,25,28,25,indoor
277,26,28,4,indoor
278,27,28,4,indoor
279,28,28,13,indoor
280,29,28,12,indoor
281,30,28,8,indoor
282,31,28,5,indoor
283,32,28,1,indoor
284,13,29,1,indoor
285,15,29,1,indoor
286,16,29,3,indoor
287,17,29,1,indoor
288,18,29,1,indoor
289,19,29,3,indoor
290,20,29,14,indoor
291,21,29,21,indoor
292,22,29,80,indoor
293,23,29,99,indoor
294,24,29,36,indoor
295,25,29,16,indoor
296,26,29,10,indoor
297,27,29,5,indoor
298,28,29,4,indoor
299,29,29,15,indoor
300,30,29,10,indoor
301,31,29,8,indoor
302,32,29,2,indoor
303,33,29,1,indoor
304,35,29,1,indoor
305,18,30,5,indoor
306,19,30,4,indoor
307,20,30,22,indoor
308,21,30,63,indoor
309,22,30,116,indoor
310,23,30,184,indoor
311,24,30,78,indoor
312,25,30,21,indoor
313,26,30,4,indoor
314,27,30,8,indoor
315,28,30,2,indoor
316,29,30,11,indoor
317,30,30,7,indoor
318,31,30,5,indoor
319,32,30,2,indoor
320,33,30,1,indoor
321,36,30,1,indoor
322,18,31,6,indoor
323,19,31,8,indoor
324,20,31,22,indoor
325,21,31,47,indoor
326,22,31,77,indoor
327,23,31,98,indoor
328,24,31,70,indoor
329,25,31,18,indoor
330,26,31,15,indoor
331,27,31,25,indoor
332,28,31,28,indoor
333,29,31,9,indoor
334,30,31,2,indoor
335,31,31,2,indoor
336,32,31,3,indoor
337,34,31,2,indoor
338,17,32,3,indoor
339,18,32,2,indoor
340,19,32,13,indoor
341,20,32,18,indoor
342,21,32,53,indoor
343,22,32,80,indoor
344,23,32,96,indoor
345,24,32,58,indoor
346,25,32,31,indoor
347,26,32,26,indoor
348,27,32,17,indoor
349,28,32,17,indoor
350,29,32,7,indoor
351,30,32,8,indoor
352,31,32,5,indoor
353,32,32,5,indoor
354,34,32,2,indoor
355,17,33,1,indoor
356,18,33,1,indoor
357,19,33,10,indoor
358,20,33,19,indoor
359,21,33,32,indoor
360,22,33,53,indoor
361,23,33,71,indoor
362,24,33,66,indoor
363,25,33,34,indoor
364,26,33,11,indoor
365,27,33,13,indoor
366,28,33,15,indoor
367,29,33,6,indoor
368,30,33,7,indoor
369,32,33,2,indoor
370,33,33,2,indoor
371,14,34,1,indoor
372,16,34,2,indoor
373,17,34,3,indoor
374,18,34,4,indoor
375,19,34,5,indoor
376,20,34,24,indoor
377,21,34,43,indoor
378,22,34,78,indoor
379,23,34,98,indoor
380,24,34,107,indoor
381,25,34,35,indoor
382,26,34,20,indoor
383,27,34,13,indoor
384,28,34,16,indoor
385,29,34,12,indoor
386,30,34,12,indoor
387,31,34,6,indoor
388,32,34,4,indoor
389,34,34,1,indoor
390,37,34,1,indoor
391,16,35,1,indoor
392,17,35,2,indoor
393,18,35,3,indoor
394,19,35,9,indoor
395,20,35,23,indoor
396,21,35,49,indoor
397,22,35,64,indoor
398,23,35,80,indoor
399,24,35,48,indoor
400,25,35,34,indoor
401,26,35,25,indoor
402,27,35,16,indoor
403,28,35,16,indoor
404,29,35,17,indoor
405,30,35,3,indoor
406,31,35,5,indoor
407,32,35,4,indoor
408,15,36,1,indoor
409,16,36,5,indoor
410,17,36,7,indoor
411,18,36,9,indoor
412,19,36,14,indoor
413,20,36,17,indoor
414,21,36,51,indoor
415,22,36,69,indoor
416,23,36,104,indoor
417,24,36,56,indoor
418,25,36,37,indoor
419,26,36,26,indoor
420,27,36,17,indoor
421,28,36,14,indoor
422,29,36,11,indoor
423,30,36,11,indoor
424,31,36,6,indoor
425,32,36,3,indoor
426,34,36,1,indoor
427,35,36,3,indoor
428,11,37,1,indoor
429,17,37,2,indoor
430,18,37,5,indoor
431,19,37,13,indoor
432,20,37,11,indoor
433,21,37,41,indoor
434,22,37,42,indoor
435,23,37,96,indoor
436,24,37,66,indoor
437,25,37,33,indoor
438,26,37,38,indoor
439,27,37,22,indoor
440,28,37,6,indoor
441,29,37,12,indoor
442,30,37,1,indoor
443,31,37,3,indoor
444,32,37,2,indoor
445,33,37,1,indoor
446,36,37,1,indoor
447,13,38,1,indoor
448,16,38,1,indoor
449,17,38,5,indoor
450,18,38,3,indoor
451,19,38,12,indoor
452,20,38,8,indoor
453,21,38,35,indoor
454,22,38,41,indoor
455,23,38,114,indoor
456,24,38,77,indoor
457,25,38,51,indoor
458,26,38,37,indoor
459,27,38,23,indoor
460,28,38,10,indoor
461,29,38,17,indoor
462,30,38,2,indoor
463,31,38,4,indoor
464,32,38,2,indoor
465,33,38,1,indoor
466,34,38,2,indoor
467,36,38,1,indoor
468,37,38,1,indoor
469,13,39,1,indoor
470,14,39,1,indoor
471,17,39,3,indoor
472,18,39,2,indoor
473,19,39,2,indoor
474,20,39,9,indoor
475,21,39,42,indoor
476,22,39,68,indoor
477,23,39,116,indoor
478,24,39,62,indoor
479,25,39,55,indoor
480,26,39,27,indoor
481,27,39,19,indoor
482,28,39,12,indoor
483,29,39,5,indoor
484,30,39,6,indoor
485,31,39,6,indoor
486,32,39,2,indoor
487,33,39,2,indoor
488,35,39,2,indoor
489,14,40,3,indoor
490,17,40,1,indoor
491,18,40,1,indoor
492,19,40,12,indoor
493,20,40,13,indoor
494,21,40,66,indoor
495,22,40,108,indoor
496,23,40,108,indoor
497,24,40,87,indoor
498,25,40,52,indoor
499,26,40,49,indoor
500,27,40,31,indoor
501,28,40,14,indoor
502,29,40,8,indoor
503,30,40,10,indoor
504,31,40,2,indoor
505,33,40,1,indoor
506,34,40,2,indoor
507,35,40,1,indoor
508,38,40,2,indoor
509,39,40,1,indoor
510,14,41,2,indoor
511,15,41,2,indoor
512,16,41,3,indoor
513,17,41,4,indoor
514,18,41,3,indoor
515,19,41,10,indoor
516,20,41,28,indoor
517,21,41,41,indoor
518,22,41,69,indoor
519,23,41,104,indoor
520,24,41,59,indoor
521,25,41,69,indoor
522,26,41,37,indoor
523,27,41,24,indoor
524,28,41,14,indoor
525,29,41,8,indoor
526,30,41,2,indoor
527,31,41,3,indoor
528,32,41,2,indoor
529,33,41,5,indoor
530,17,42,2,indoor
531,18,42,3,indoor
532,19,42,3,indoor
533,20,42,33,indoor
534,21,42,75,indoor
535,22,42,96,indoor
536,23,42,140,indoor
537,24,42,91,indoor
538,25,42,70,indoor
539,26,42,55,indoor
540,27,42,31,indoor
541,28,42,16,indoor
542,29,42,7,indoor
543,30,42,2,indoor
544,31,42,5,indoor
545,32,42,1,indoor
546,33,42,1,indoor
547,36,42,1,indoor
548,37,42,1,indoor
549,16,43,1,indoor
550,17,43,3,indoor
551,18,43,3,indoor
552,19,43,4,indoor
553,20,43,20,indoor
554,21,43,43,indoor
555,22,43,57,indoor
556,23,43,110,indoor
557,24,43,83,indoor
558,25,43,91,indoor
559,26,43,57,indoor
560,27,43,44,indoor
561,28,43,7,indoor
562,29,43,7,indoor
563,30,43,6,indoor
564,31,43,4,indoor
565,32,43,1,indoor
566,33,43,1,indoor
567,37,43,1,indoor
568,16,44,2,indoor
569,17,44,3,indoor
570,18,44,8,indoor
571,19,44,8,indoor
572,20,44,18,indoor
573,21,44,45,indoor
574,22,44,68,indoor
575,23,44,155,indoor
576,24,44,111,indoor
577,25,44,81,indoor
578,26,44,69,indoor
579,27,44,47,indoor
580,28,44,28,indoor
581,29,44,6,indoor
582,30,44,4,indoor
583,31,44,5,indoor
584,32,44,4,indoor
585,35,44,2,indoor
586,36,44,1,indoor
587,37,44,1,indoor
588,14,45,1,indoor
589,17,45,3,indoor
590,18,45,2,indoor
591,19,45,4,indoor
592,20,45,12,indoor
593,21,45,29,indoor
594,22,45,60,indoor
595,23,45,90,indoor
596,24,45,83,indoor
597,25,45,84,indoor
598,26,45,66,indoor
599,27,45,32,indoor
600,28,45,26,indoor
601,29,45,19,indoor
602,30,45,7,indoor
603,31,45,3,indoor
604,32,45,2,indoor
605,33,45,1,indoor
606,35,45,4,indoor
607,36,45,1,indoor
608,37,45,1,indoor
609,15,46,1,indoor
610,17,46,4,indoor
611,18,46,9,indoor
612,19,46,8,indoor
613,20,46,15,indoor
614,21,46,38,indoor
615,22,46,86,indoor
616,23,46,96,indoor
617,24,46,94,indoor
618,25,46,82,indoor
619,26,46,71,indoor
620,27,46,47,indoor
621,28,46,37,indoor
622,29,46,8,indoor
623,30,46,10,indoor
624,31,46,1,indoor
625,33,46,1,indoor
626,34,46,1,indoor
627,35,46,2,indoor
628,36,46,1,indoor
629,37,46,1,indoor
630,15,47,1,indoor
631,18,47,4,indoor
632,19,47,3,indoor
633,20,47,9,indoor
634,21,47,34,indoor
635,22,47,48,indoor
636,23,47,84,indoor
637,24,47,104,indoor
638,25,47,81,indoor
639,26,47,62,indoor
640,27,47,70,indoor
641,28,47,25,indoor
642,29,47,8,indoor
643,30,47,5,indoor
644,31,47,4,indoor
645,33,47,2,indoor
646,36,47,1,indoor
647,39,47,1,indoor
648,14,48,1,indoor
649,15,48,1,indoor
650,17,48,7,indoor
651,18,48,4,indoor
652,19,48,5,indoor
653,20,48,11,indoor
654,21,48,62,indoor
655,22,48,70,indoor
656,23,48,121,indoor
657,24,48,100,indoor
658,25,48,65,indoor
659,26,48,57,indoor
660,27,48,67,indoor
661,28,48,32,indoor
662,29,48,10,indoor
663,30,48,4,indoor
664,31,48,4,indoor
665,32,48,2,indoor
666,34,48,1,indoor
667,17,49,1,indoor
668,18,49,3,indoor
669,19,49,14,indoor
670,20,49,17,indoor
671,21,49,39,indoor
672,22,49,65,indoor
673,23,49,86,indoor
674,24,49,83,indoor
675,25,49,51,indoor
676,26,49,56,indoor
677,27,49,34,indoor
678,28,49,35,indoor
679,29,49,16,indoor
680,30,49,4,indoor
681,32,49,1,indoor
682,33,49,3,indoor
683,34,49,1,indoor
684,35,49,1,indoor
685,14,50,2,indoor
686,15,50,1,indoor
687,16,50,1,indoor
688,17,50,6,indoor
689,18,50,4,indoor
690,19,50,8,indoor
691,20,50,34,indoor
692,21,50,36,indoor
693,22,50,75,indoor
694,23,50,133,indoor
695,24,50,101,indoor
696,25,50,63,indoor
697,26,50,69,indoor
698,27,50,31,indoor
699,28,50,14,indoor
700,29,50,13,indoor
701,30,50,3,indoor
702,31,50,4,indoor
703,32,50,3,indoor
704,34,50,1,indoor
705,35,50,2,indoor
706,14,51,1,indoor
707,16,51,1,indoor
708,17,51,1,indoor
709,18,51,6,indoor
710,19,51,7,indoor
711,20,51,11,indoor
712,21,51,41,indoor
713,22,51,40,indoor
714,23,51,78,indoor
715,24,51,91,indoor
716,25,51,68,indoor
717,26,51,50,indoor
718,27,51,30,indoor
719,28,51,23,indoor
720,29,51,7,indoor
721,30,51,4,indoor
722,31,51,7,indoor
723,32,51,1,indoor
724,33,51,2,indoor
725,35,51,2,indoor
726,10,52,1,indoor
727,14,52,1,indoor
728,15,52,1,indoor
729,16,52,4,indoor
730,17,52,3,indoor
731,18,52,6,indoor
732,19,52,14,indoor
733,20,52,16,indoor
734,21,52,22,indoor
735,22,52,54,indoor
736,23,52,91,indoor
737,24,52,117,indoor
738,25,52,102,indoor
739,26,52,38,indoor
740,27,52,51,indoor
741,28,52,20,indoor
742,29,52,15,indoor
743,30,52,9,indoor
744,31,52,2,indoor
745,32,52,2,indoor
746,33,52,1,indoor
747,34,52,4,indoor
748,17,53,5,indoor
749,18,53,22,indoor
750,19,53,18,indoor
751,20,53,21,indoor
752,21,53,28,indoor
753,22,53,40,indoor
754,23,53,76,indoor
755,24,53,94,indoor
756,25,53,76,indoor
757,26,53,63,indoor
758,27,53,16,indoor
759,28,53,12,indoor
760,29,53,24,indoor
761,30,53,6,indoor
762,31,53,3,indoor
763,32,53,2,indoor
764,33,53,1,indoor
765,34,53,2,indoor
766,35,53,1,indoor
767,10,54,1,indoor
768,13,54,1,indoor
769,16,54,8,indoor
770,17,54,4,indoor
771,18,54,6,indoor
772,19,54,17,indoor
773,20,54,26,indoor
774,21,54,25,indoor
775,22,54,54,indoor
776,23,54,77,indoor
777,24,54,79,indoor
778,25,54,83,indoor
779,26,54,31,indoor
780,27,54,38,indoor
781,28,54,16,indoor
782,29,54,15,indoor
783,30,54,14,indoor
784,31,54,3,indoor
785,32,54,4,indoor
786,33,54,2,indoor
787,34,54,1,indoor
788,15,55,1,indoor
789,16,55,7,indoor
790,17,55,3,indoor
791,18,55,10,indoor
792,19,55,29,indoor
793,20,55,13,indoor
794,21,55,34,indoor
795,22,55,52,indoor
796,23,55,75,indoor
797,24,55,83,indoor
798,25,55,55,indoor
799,26,55,36,indoor
800,27,55,20,indoor
801,28,55,26,indoor
802,29,55,34,indoor
803,30,55,4,indoor
804,31,55,5,indoor
805,32,55,2,indoor
806,33,55,3,indoor
807,34,55,2,indoor
808,16,56,1,indoor
809,17,56,5,indoor
810,18,56,10,indoor
811,19,56,18,indoor
812,20,56,30,indoor
813,21,56,39,indoor
814,22,56,70,indoor
815,23,56,134,indoor
816,24,56,155,indoor
817,25,56,63,indoor
818,26,56,47,indoor
819,27,56,61,indoor
820,28,56,11,indoor
821,29,56,24,indoor
822,30,56,14,indoor
823,31,56,8,indoor
824,32,56,6,indoor
825,33,56,4,indoor
826,34,56,3,indoor
827,16,57,1,indoor
828,17,57,3,indoor
829,18,57,6,indoor
830,19,57,15,indoor
831,21,57,34,indoor
832,22,57,51,indoor
833,23,57,49,indoor
834,24,57,52,indoor
835,25,57,63,indoor
836,26,57,73,indoor
837,27,57,54,indoor
838,28,57,19,indoor
839,29,57,79,indoor
840,30,57,10,indoor
841,31,57,2,indoor
842,32,57,5,indoor
843,33,57,3,indoor
844,34,57,2,indoor
845,11,58,1,indoor
846,17,58,11,indoor
847,18,58,6,indoor
848,19,58,20,indoor
849,20,58,2,indoor
850,21,58,30,indoor
851,22,58,43,indoor
852,23,58,50,indoor
853,24,58,71,indoor
854,25,58,70,indoor
855,26,58,56,indoor
856,27,58,112,indoor
857,28,58,30,indoor
858,29,58,36,indoor
859,30,58,20,indoor
860,31,58,4,indoor
861,32,58,6,indoor
862,33,58,2,indoor
863,34,58,3,indoor
864,11,59,1,indoor
865,15,59,2,indoor
866,16,59,4,indoor
867,17,59,3,indoor
868,18,59,6,indoor
869,19,59,3,indoor
870,20,59,5,indoor
871,21,59,25,indoor
872,22,59,27,indoor
873,23,59,71,indoor
874,24,59,41,indoor
875,25,59,49,indoor
876,26,59,59,indoor
877,27,59,35,indoor
878,28,59,51,indoor
879,29,59,57,indoor
880,30,59,4,indoor
881,31,59,7,indoor
882,32,59,10,indoor
883,33,59,7,indoor
884,34,59,1,indoor
885,9,60,2,indoor
886,13,60,2,indoor
887,15,60,2,indoor
888,16,60,3,indoor
889,17,60,3,indoor
890,18,60,17,indoor
891,19,60,9,indoor
892,20,60,6,indoor
893,21,60,21,indoor
894,22,60,52,indoor
895,23,60,70,indoor
896,24,60,78,indoor
897,25,60,81,indoor
898,26,60,64,indoor
899,27,60,74,indoor
900,28,60,21,indoor
901,29,60,41,indoor
902,30,60,16,indoor
903,31,60,6,indoor
904,32,60,4,indoor
905,33,60,4,indoor
906,35,60,2,indoor
907,15,61,4,indoor
908,16,61,1,indoor
909,17,61,4,indoor
910,18,61,2,indoor
911,19,61,2,indoor
912,20,61,4,indoor
913,21,61,11,indoor
914,22,61,18,indoor
915,23,61,52,indoor
916,24,61,50,indoor
917,25,61,36,indoor
918,26,61,34,indoor
919,27,61,28,indoor
920,28,61,52,indoor
921,29,61,47,indoor
922,30,61,6,indoor
923,31,61,10,indoor
924,32,61,5,indoor
925,33,61,2,indoor
926,34,61,1,indoor
927,9,62,1,indoor
928,10,62,1,indoor
929,15,62,1,indoor
930,16,62,3,indoor
931,17,62,3,indoor
932,19,62,5,indoor
933,20,62,4,indoor
934,21,62,8,indoor
935,22,62,27,indoor
936,23,62,53,indoor
937,24,62,52,indoor
938,25,62,35,indoor
939,26,62,38,indoor
940,27,62,43,indoor
941,28,62,24,indoor
942,29,62,36,indoor
943,30,62,19,indoor
944,31,62,9,indoor
945,32,62,7,indoor
946,33,62,9,indoor
947,14,63,1,indoor
948,15,63,3,indoor
949,17,63,2,indoor
950,18,63,1,indoor
951,19,63,4,indoor
952,20,63,3,indoor
953,21,63,12,indoor
954,22,63,7,indoor
955,23,63,25,indoor
956,24,63,54,indoor
957,25,63,79,indoor
958,26,63,52,indoor
959,27,63,72,indoor
960,28,63,26,indoor
961,29,63,37,indoor
962,30,63,9,indoor
963,31,63,14,indoor
964,32,63,5,indoor
965,33,63,7,indoor
966,15,64,2,indoor
967,16,64,2,indoor
968,17,64,2,indoor
969,18,64,5,indoor
970,19,64,3,indoor
971,20,64,8,indoor
972,21,64,15,indoor
973,22,64,27,indoor
974,23,64,31,indoor
975,24,64,47,indoor
976,25,64,67,indoor
977,26,64,36,indoor
978,27,64,43,indoor
979,28,64,22,indoor
980,29,64,81,indoor
981,30,64,15,indoor
982,31,64,12,indoor
983,32,64,9,indoor
984,33,64,4,indoor
985,14,65,4,indoor
986,15,65,3,indoor
987,16,65,6,indoor
988,17,65,3,indoor
989,18,65,9,indoor
990,19,65,8,indoor
991,20,65,20,indoor
992,21,65,7,indoor
993,22,65,18,indoor
994,23,65,37,indoor
995,24,65,28,indoor
996,25,65,47,indoor
997,26,65,26,indoor
998,27,65,24,indoor
999,28,65,10,indoor
1000,29,65,36,indoor
1001,30,65,9,indoor
1002,31,65,6,indoor
1003,32,65,6,indoor
1004,33,65,4,indoor
1005,15,66,1,indoor
1006,16,66,1,indoor
1007,17,66,3,indoor
1008,18,66,2,indoor
1009,19,66,4,indoor
1010,20,66,6,indoor
1011,21,66,10,indoor
1012,22,66,16,indoor
1013,23,66,25,indoor
1014,24,66,30,indoor
1015,25,66,41,indoor
1016,26,66,74,indoor
1017,27,66,60,indoor
1018,28,66,51,indoor
1019,29,66,33,indoor
1020,30,66,17,indoor
1021,31,66,24,indoor
1022,32,66,8,indoor
1023,33,66,3,indoor
1024,13,67,1,indoor
1025,15,67,2,indoor
1026,17,67,2,indoor
1027,18,67,1,indoor
1028,19,67,2,indoor
1029,20,67,3,indoor
1030,22,67,9,indoor
1031,23,67,20,indoor
1032,24,67,17,indoor
1033,25,67,34,indoor
1034,26,67,24,indoor
1035,27,67,70,indoor
1036,28,67,59,indoor
1037,29,67,15,indoor
1038,30,67,14,indoor
1039,31,67,19,indoor
1040,32,67,7,indoor
1041,33,67,3,indoor
1042,34,67,1,indoor
1043,17,68,6,indoor
1044,18,68,3,indoor
1045,19,68,6,indoor
1046,20,68,4,indoor
1047,21,68,8,indoor
1048,22,68,19,indoor
1049,23,68,30,indoor
1050,24,68,22,indoor
1051,25,68,26,indoor
1052,26,68,15,indoor
1053,27,68,24,indoor
1054,28,68,46,indoor
1055,29,68,77,indoor
1056,30,68,22,indoor
1057,31,68,27,indoor
1058,32,68,12,indoor
1059,33,68,4,indoor
1060,34,68,4,indoor
1061,14,69,1,indoor
1062,16,69,1,indoor
1063,18,69,2,indoor
1064,19,69,4,indoor
1065,20,69,5,indoor
1066,21,69,3,indoor
1067,22,69,6,indoor
1068,23,69,19,indoor
1069,24,69,6,indoor
1070,25,69,22,indoor
1071,26,69,26,indoor
1072,27,69,40,indoor
1073,28,69,28,indoor
1074,29,69,15,indoor
1075,30,69,17,indoor
1076,31,69,22,indoor
1077,32,69,17,indoor
1078,33,69,2,indoor
1079,14,70,1,indoor
1080,15,70,1,indoor
1081,17,70,5,indoor
1082,18,70,4,indoor
1083,19,70,9,indoor
1084,20,70,13,indoor
1085,21,70,3,indoor
1086,22,70,5,indoor
1087,23,70,17,indoor
1088,24,70,25,indoor
1089,25,70,13,indoor
1090,26,70,28,indoor
1091,27,70,56,indoor
1092,28,70,9,indoor
1093,29,70,6,indoor
1094,30,70,40,indoor
1095,31,70,25,indoor
1096,32,70,14,indoor
1097,33,70,2,indoor
1098,18,71,1,indoor
1099,21,71,1,indoor
1100,22,71,15,indoor
1101,23,71,23,indoor
1102,24,71,6,indoor
1103,25,71,11,indoor
1104,26,71,19,indoor
1105,27,71,23,indoor
1106,28,71,5,indoor
1107,29,71,10,indoor
1108,30,71,22,indoor
1109,31,71,22,indoor
1110,32,71,9,indoor
1111,33,71,4,indoor
1112,15,72,1,indoor
1113,17,72,1,indoor
1114,18,72,3,indoor
1115,19,72,1,indoor
1116,20,72,4,indoor
1117,21,72,10,indoor
1118,22,72,31,indoor
1119,23,72,22,indoor
1120,24,72,12,indoor
1121,25,72,11,indoor
1122,26,72,9,indoor
1123,27,72,58,indoor
1124,28,72,1,indoor
1125,29,72,12,indoor
1126,30,72,29,indoor
1127,31,72,37,indoor
1128,32,72,5,indoor
1129,33,72,2,indoor
1130,16,73,1,indoor
1131,17,73,2,indoor
1132,18,73,1,indoor
1133,19,73,1,indoor
1134,21,73,16,indoor
1135,22,73,9,indoor
1136,23,73,5,indoor
1137,24,73,4,indoor
1138,25,73,9,indoor
1139,26,73,14,indoor
1140,27,73,55,indoor
1141,28,73,7,indoor
1142,29,73,12,indoor
1143,30,73,24,indoor
1144,31,73,22,indoor
1145,32,73,7,indoor
1146,33,73,1,indoor
1147,17,74,1,indoor
1148,20,74,2,indoor
1149,21,74,11,indoor
1150,22,74,11,indoor
1151,23,74,12,indoor
1152,24,74,5,indoor
1153,25,74,8,indoor
1154,26,74,5,indoor
1155,27,74,10,indoor
1156,28,74,17,indoor
1157,29,74,26,indoor
1158,30,74,45,indoor
1159,31,74,17,indoor
1160,32,74,6,indoor
1161,33,74,2,indoor
1162,13,75,1,indoor
1163,14,75,1,indoor
1164,20,75,1,indoor
1165,21,75,1,indoor
1166,22,75,10,indoor
1167,23,75,9,indoor
1168,24,75,7,indoor
1169,25,75,8,indoor
1170,26,75,2,indoor
1171,27,75,1,indoor
1172,28,75,20,indoor
1173,29,75,23,indoor
1174,30,75,33,indoor
1175,31,75,13,indoor
1176,32,75,1,indoor
1177,33,75,1,indoor
1178,16,76,1,indoor
1179,18,76,1,indoor
1180,19,76,2,indoor
1181,20,76,6,indoor
1182,22,76,6,indoor
1183,23,76,11,indoor
1184,24,76,12,indoor
1185,25,76,2,indoor
1186,26,76,8,indoor
1187,27,76,1,indoor
1188,28,76,5,indoor
1189,29,76,19,indoor
1190,30,76,49,indoor
1191,31,76,11,indoor
1192,32,76,2,indoor
1193,17,77,1,indoor
1194,21,77,11,indoor
1195,22,77,12,indoor
1196,23,77,7,indoor
1197,24,77,8,indoor
1198,25,77,6,indoor
1199,27,77,6,indoor
1200,28,77,6,indoor
1201,29,77,20,indoor
1202,30,77,18,indoor
1203,31,77,5,indoor
1204,32,77,1,indoor
1205,19,78,1,indoor
1206,21,78,12,indoor
1207,22,78,13,indoor
1208,23,78,4,indoor
1209,24,78,2,indoor
1210,25,78,9,indoor
1211,26,78,8,indoor
1212,27,78,4,indoor
1213,28,78,6,indoor
1214,29,78,27,indoor
1215,30,78,23,indoor
1216,31,78,5,indoor
1217,32,78,1,indoor
1218,20,79,1,indoor
1219,21,79,8,indoor
1220,22,79,23,indoor
1221,23,79,15,indoor
1222,25,79,3,indoor
1223,26,79,2,indoor
1224,28,79,4,indoor
1225,29,79,18,indoor
1226,30,79,18,indoor
1227,31,79,5,indoor
1228,9,80,1,indoor
1229,18,80,1,indoor
1230,19,80,1,indoor
1231,21,80,6,indoor
1232,22,80,39,indoor
1233,23,80,5,indoor
1234,24,80,20,indoor
1235,25,80,2,indoor
1236,27,80,1,indoor
1237,28,80,9,indoor
1238,29,80,17,indoor
1239,30,80,9,indoor
1240,20,81,1,indoor
1241,21,81,15,indoor
1242,22,81,30,indoor
1243,23,81,2,indoor
1244,24,81,1,indoor
1245,28,81,2,indoor
1246,29,81,16,indoor
1247,30,81,4,indoor
1248,21,82,8,indoor
1249,22,82,9,indoor
1250,24,82,1,indoor
1251,25,82,2,indoor
1252,27,82,2,indoor
1253,28,82,5,indoor
1254,29,82,3,indoor
1255,30,82,2,indoor
1256,21,83,8,indoor
1257,22,83,4,indoor
1258,27,83,1,indoor
1259,28,83,7,indoor
1260,29,83,7,indoor
1261,20,84,1,indoor
1262,21,84,18,indoor
1263,22,84,2,indoor
1264,23,84,1,indoor
1265,24,84,1,indoor
1266,27,84,5,indoor
1267,28,84,10,indoor
1268,29,84,8,indoor
1269,31,84,1,indoor
1270,20,85,2,indoor
1271,21,85,7,indoor
1272,22,85,4,indoor
1273,27,85,3,indoor
1274,29,85,3,indoor
1275,20,86,1,indoor
1276,21,86,9,indoor
1277,22,86,2,indoor
1278,28,86,2,indoor
1279,26,87,1,indoor
1280,27,87,1,indoor
1281,29,87,3,indoor
1282,21,88,1,indoor
1283,20,89,1,indoor
1284,29,89,3,indoor
1285,29,94,1,indoor
1286,16,100,1,indoor
1,32,9,1,outdoor
2,29,10,1,outdoor
3,30,10,1,outdoor
4,31,10,1,outdoor
5,35,10,1,outdoor
6,29,11,2,outdoor
7,27,13,3,outdoor
8,28,13,2,outdoor
9,35,13,1,outdoor
10,15,14,1,outdoor
11,20,14,5,outdoor
12,21,14,3,outdoor
13,27,14,8,outdoor
14,28,14,12,outdoor
15,34,14,1,outdoor
16,27,15,1,outdoor
17,28,15,1,outdoor
18,32,15,1,outdoor
19,24,16,3,outdoor
20,26,16,9,outdoor
21,34,16,1,outdoor
22,26,17,4,outdoor
23,22,20,1,outdoor
24,29,20,1,outdoor
25,22,21,1,outdoor
26,25,21,1,outdoor
27,21,22,1,outdoor
28,23,22,3,outdoor
29,27,22,2,outdoor
30,33,22,1,outdoor
31,34,22,2,outdoor
32,26,23,2,outdoor
33,29,23,4,outdoor
34,30,23,1,outdoor
35,25,24,1,outdoor
36,29,24,1,outdoor
37,31,24,2,outdoor
38,-4,25,3,outdoor
39,12,25,1,outdoor
40,33,25,1,outdoor
41,-4,26,2,outdoor
42,20,26,1,outdoor
43,21,26,4,outdoor
44,22,26,1,outdoor
45,28,26,1,outdoor
46,36,26,1,outdoor
47,15,27,1,outdoor
48,21,27,2,outdoor
49,22,27,1,outdoor
50,26,27,1,outdoor
51,28,27,4,outdoor
52,32,27,1,outdoor
53,38,27,1,outdoor
54,-3,28,1,outdoor
55,0,28,2,outdoor
56,19,28,2,outdoor
57,22,28,1,outdoor
58,23,28,3,outdoor
59,24,28,1,outdoor
60,26,28,1,outdoor
61,31,28,2,outdoor
62,32,28,1,outdoor
63,37,28,1,outdoor
64,0,29,1,outdoor
65,12,29,5,outdoor
66,13,29,1,outdoor
67,19,29,2,outdoor
68,21,29,2,outdoor
69,22,29,2,outdoor
70,26,29,1,outdoor
71,29,29,2,outdoor
72,30,29,1,outdoor
73,31,29,1,outdoor
74,32,29,2,outdoor
75,36,29,1,outdoor
76,-4,30,1,outdoor
77,21,30,2,outdoor
78,22,30,2,outdoor
79,23,30,2,outdoor
80,26,30,1,outdoor
81,28,30,2,outdoor
82,29,30,5,outdoor
83,30,30,1,outdoor
84,32,30,1,outdoor
85,33,30,1,outdoor
86,41,30,1,outdoor
87,14,31,4,outdoor
88,17,31,1,outdoor
89,18,31,3,outdoor
90,23,31,1,outdoor
91,24,31,1,outdoor
92,25,31,2,outdoor
93,26,31,1,outdoor
94,27,31,1,outdoor
95,28,31,1,outdoor
96,29,31,3,outdoor
97,30,31,1,outdoor
98,32,31,2,outdoor
99,36,31,1,outdoor
100,41,31,1,outdoor
101,44,31,1,outdoor
102,7,32,1,outdoor
103,10,32,1,outdoor
104,19,32,8,outdoor
105,22,32,2,outdoor
106,23,32,1,outdoor
107,26,32,1,outdoor
108,27,32,2,outdoor
109,28,32,2,outdoor
110,31,32,1,outdoor
111,32,32,8,outdoor
112,35,32,1,outdoor
113,38,32,1,outdoor
114,7,33,1,outdoor
115,18,33,2,outdoor
116,23,33,1,outdoor
117,25,33,1,outdoor
118,30,33,3,outdoor
119,31,33,5,outdoor
120,32,33,1,outdoor
121,33,33,2,outdoor
122,34,33,1,outdoor
123,36,33,1,outdoor
124,38,33,1,outdoor
125,7,34,1,outdoor
126,8,34,1,outdoor
127,16,34,1,outdoor
128,19,34,4,outdoor
129,20,34,3,outdoor
130,22,34,2,outdoor
131,23,34,3,outdoor
132,24,34,2,outdoor
133,26,34,1,outdoor
134,27,34,2,outdoor
135,28,34,1,outdoor
136,29,34,4,outdoor
137,30,34,1,outdoor
138,32,34,3,outdoor
139,39,34,1,outdoor
140,12,35,1,outdoor
141,17,35,1,outdoor
142,18,35,1,outdoor
143,19,35,1,outdoor
144,20,35,3,outdoor
145,24,35,3,outdoor
146,26,35,3,outdoor
147,28,35,2,outdoor
148,29,35,2,outdoor
149,30,35,1,outdoor
150,32,35,1,outdoor
151,33,35,3,outdoor
152,34,35,1,outdoor
153,35,35,2,outdoor
154,36,35,1,outdoor
155,42,35,1,outdoor
156,10,36,1,outdoor
157,11,36,1,outdoor
158,18,36,2,outdoor
159,19,36,2,outdoor
160,20,36,2,outdoor
161,21,36,1,outdoor
162,22,36,2,outdoor
163,24,36,2,outdoor
164,25,36,2,outdoor
165,27,36,3,outdoor
166,28,36,1,outdoor
167,29,36,1,outdoor
168,12,37,1,outdoor
169,16,37,1,outdoor
170,19,37,1,outdoor
171,20,37,2,outdoor
172,21,37,4,outdoor
173,22,37,2,outdoor
174,23,37,2,outdoor
175,24,37,4,outdoor
176,25,37,2,outdoor
177,26,37,1,outdoor
178,29,37,3,outdoor
179,30,37,1,outdoor
180,31,37,1,outdoor
181,32,37,3,outdoor
182,33,37,1,outdoor
183,8,38,1,outdoor
184,12,38,2,outdoor
185,13,38,2,outdoor
186,16,38,1,outdoor
187,19,38,1,outdoor
188,20,38,1,outdoor
189,22,38,1,outdoor
190,23,38,4,outdoor
191,24,38,1,outdoor
192,26,38,4,outdoor
193,27,38,1,outdoor
194,29,38,3,outdoor
195,31,38,1,outdoor
196,32,38,1,outdoor
197,34,38,1,outdoor
198,35,38,1,outdoor
199,36,38,2,outdoor
200,12,39,1,outdoor
201,16,39,2,outdoor
202,19,39,5,outdoor
203,20,39,5,outdoor
204,21,39,2,outdoor
205,22,39,1,outdoor
206,23,39,4,outdoor
207,24,39,1,outdoor
208,25,39,2,outdoor
209,26,39,4,outdoor
210,27,39,2,outdoor
211,28,39,5,outdoor
212,29,39,1,outdoor
213,30,39,2,outdoor
214,32,39,3,outdoor
215,33,39,5,outdoor
216,36,39,1,outdoor
217,10,40,1,outdoor
218,17,40,2,outdoor
219,18,40,1,outdoor
220,19,40,1,outdoor
221,21,40,2,outdoor
222,22,40,3,outdoor
223,23,40,2,outdoor
224,24,40,4,outdoor
225,25,40,1,outdoor
226,26,40,2,outdoor
227,27,40,1,outdoor
228,28,40,4,outdoor
229,29,40,2,outdoor
230,30,40,1,outdoor
231,31,40,6,outdoor
232,32,40,1,outdoor
233,33,40,2,outdoor
234,34,40,1,outdoor
235,35,40,2,outdoor
236,37,40,2,outdoor
237,17,41,2,outdoor
238,19,41,2,outdoor
239,20,41,4,outdoor
240,21,41,3,outdoor
241,22,41,4,outdoor
242,23,41,4,outdoor
243,24,41,1,outdoor
244,25,41,2,outdoor
245,26,41,1,outdoor
246,27,41,2,outdoor
247,28,41,1,outdoor
248,29,41,2,outdoor
249,30,41,2,outdoor
250,33,41,1,outdoor
251,7,42,2,outdoor
252,9,42,1,outdoor
253,10,42,1,outdoor
254,15,42,2,outdoor
255,18,42,1,outdoor
256,19,42,1,outdoor
257,21,42,2,outdoor
258,22,42,1,outdoor
259,23,42,2,outdoor
260,24,42,1,outdoor
261,25,42,3,outdoor
262,26,42,4,outdoor
263,27,42,1,outdoor
264,28,42,2,outdoor
265,29,42,1,outdoor
266,30,42,1,outdoor
267,32,42,2,outdoor
268,33,42,4,outdoor
269,34,42,5,outdoor
270,14,43,1,outdoor
271,18,43,3,outdoor
272,19,43,2,outdoor
273,20,43,2,outdoor
274,21,43,3,outdoor
275,22,43,1,outdoor
276,24,43,1,outdoor
277,26,43,2,outdoor
278,27,43,1,outdoor
279,28,43,2,outdoor
280,29,43,1,outdoor
281,37,43,1,outdoor
282,9,44,1,outdoor
283,11,44,3,outdoor
284,14,44,4,outdoor
285,15,44,1,outdoor
286,17,44,1,outdoor
287,19,44,1,outdoor
288,20,44,1,outdoor
289,21,44,4,outdoor
290,22,44,2,outdoor
291,23,44,7,outdoor
292,24,44,2,outdoor
293,26,44,2,outdoor
294,27,44,1,outdoor
295,29,44,4,outdoor
296,30,44,2,outdoor
297,34,44,2,outdoor
298,10,45,1,outdoor
299,11,45,1,outdoor
300,13,45,1,outdoor
301,15,45,3,outdoor
302,19,45,4,outdoor
303,20,45,2,outdoor
304,22,45,4,outdoor
305,23,45,3,outdoor
306,24,45,1,outdoor
307,25,45,4,outdoor
308,26,45,2,outdoor
309,27,45,1,outdoor
310,28,45,3,outdoor
311,29,45,7,outdoor
312,30,45,1,outdoor
313,31,45,4,outdoor
314,32,45,2,outdoor
315,34,45,3,outdoor
316,11,46,1,outdoor
317,13,46,1,outdoor
318,14,46,2,outdoor
319,15,46,3,outdoor
320,16,46,6,outdoor
321,18,46,4,outdoor
322,21,46,3,outdoor
323,22,46,2,outdoor
324,23,46,3,outdoor
325,24,46,3,outdoor
326,26,46,2,outdoor
327,27,46,4,outdoor
328,29,46,2,outdoor
329,31,46,2,outdoor
330,32,46,2,outdoor
331,33,46,1,outdoor
332,35,46,1,outdoor
333,36,46,2,outdoor
334,37,46,1,outdoor
335,38,46,1,outdoor
336,6,47,1,outdoor
337,8,47,2,outdoor
338,14,47,1,outdoor
339,17,47,2,outdoor
340,18,47,2,outdoor
341,19,47,6,outdoor
342,20,47,1,outdoor
343,21,47,2,outdoor
344,22,47,2,outdoor
345,23,47,4,outdoor
346,24,47,4,outdoor
347,25,47,1,outdoor
348,26,47,4,outdoor
349,28,47,4,outdoor
350,29,47,3,outdoor
351,30,47,3,outdoor
352,31,47,3,outdoor
353,32,47,1,outdoor
354,33,47,1,outdoor
355,7,48,1,outdoor
356,10,48,1,outdoor
357,13,48,1,outdoor
358,14,48,2,outdoor
359,16,48,3,outdoor
360,17,48,1,outdoor
361,18,48,1,outdoor
362,20,48,2,outdoor
363,21,48,3,outdoor
364,22,48,5,outdoor
365,23,48,2,outdoor
366,24,48,2,outdoor
367,26,48,1,outdoor
368,27,48,3,outdoor
369,29,48,3,outdoor
370,30,48,7,outdoor
371,31,48,3,outdoor
372,32,48,3,outdoor
373,34,48,2,outdoor
374,37,48,1,outdoor
375,10,49,1,outdoor
376,12,49,1,outdoor
377,15,49,1,outdoor
378,17,49,2,outdoor
379,18,49,1,outdoor
380,19,49,1,outdoor
381,20,49,3,outdoor
382,21,49,5,outdoor
383,22,49,1,outdoor
384,24,49,8,outdoor
385,25,49,2,outdoor
386,26,49,1,outdoor
387,27,49,5,outdoor
388,28,49,1,outdoor
389,29,49,2,outdoor
390,30,49,1,outdoor
391,31,49,2,outdoor
392,32,49,2,outdoor
393,33,49,3,outdoor
394,35,49,3,outdoor
395,3,50,1,outdoor
396,5,50,1,outdoor
397,7,50,1,outdoor
398,11,50,1,outdoor
399,14,50,2,outdoor
400,15,50,1,outdoor
401,17,50,3,outdoor
402,18,50,2,outdoor
403,20,50,3,outdoor
404,21,50,4,outdoor
405,22,50,6,outdoor
406,23,50,2,outdoor
407,24,50,1,outdoor
408,25,50,4,outdoor
409,26,50,2,outdoor
410,27,50,4,outdoor
411,28,50,1,outdoor
412,29,50,8,outdoor
413,30,50,3,outdoor
414,33,50,1,outdoor
415,34,50,1,outdoor
416,36,50,1,outdoor
417,9,51,2,outdoor
418,14,51,5,outdoor
419,15,51,2,outdoor
420,17,51,1,outdoor
421,18,51,2,outdoor
422,20,51,1,outdoor
423,21,51,3,outdoor
424,22,51,3,outdoor
425,23,51,2,outdoor
426,24,51,1,outdoor
427,25,51,2,outdoor
428,26,51,3,outdoor
429,27,51,2,outdoor
430,28,51,3,outdoor
431,29,51,6,outdoor
432,30,51,4,outdoor
433,32,51,2,outdoor
434,33,51,7,outdoor
435,37,51,1,outdoor
436,5,52,1,outdoor
437,10,52,3,outdoor
438,13,52,2,outdoor
439,14,52,1,outdoor
440,15,52,2,outdoor
441,16,52,3,outdoor
442,17,52,3,outdoor
443,18,52,1,outdoor
444,20,52,2,outdoor
445,21,52,3,outdoor
446,22,52,4,outdoor
447,23,52,4,outdoor
448,24,52,13,outdoor
449,25,52,4,outdoor
450,26,52,10,outdoor
451,27,52,9,outdoor
452,28,52,12,outdoor
453,29,52,19,outdoor
454,30,52,10,outdoor
455,31,52,3,outdoor
456,32,52,6,outdoor
457,33,52,3,outdoor
458,34,52,1,outdoor
459,40,52,1,outdoor
460,7,53,1,outdoor
461,10,53,1,outdoor
462,11,53,2,outdoor
463,12,53,1,outdoor
464,13,53,3,outdoor
465,15,53,2,outdoor
466,16,53,5,outdoor
467,18,53,5,outdoor
468,19,53,3,outdoor
469,21,53,2,outdoor
470,22,53,4,outdoor
471,23,53,3,outdoor
472,24,53,1,outdoor
473,25,53,6,outdoor
474,26,53,2,outdoor
475,27,53,5,outdoor
476,28,53,7,outdoor
477,29,53,6,outdoor
478,30,53,3,outdoor
479,31,53,4,outdoor
480,32,53,1,outdoor
481,33,53,1,outdoor
482,34,53,1,outdoor
483,35,53,1,outdoor
484,36,53,2,outdoor
485,10,54,2,outdoor
486,11,54,1,outdoor
487,12,54,1,outdoor
488,13,54,2,outdoor
489,14,54,3,outdoor
490,15,54,2,outdoor
491,16,54,4,outdoor
492,17,54,2,outdoor
493,18,54,3,outdoor
494,19,54,2,outdoor
495,20,54,6,outdoor
496,21,54,6,outdoor
497,22,54,5,outdoor
498,23,54,3,outdoor
499,24,54,1,outdoor
500,25,54,7,outdoor
501,26,54,4,outdoor
502,27,54,5,outdoor
503,28,54,6,outdoor
504,29,54,9,outdoor
505,30,54,1,outdoor
506,31,54,3,outdoor
507,32,54,3,outdoor
508,34,54,2,outdoor
509,11,55,3,outdoor
510,13,55,4,outdoor
511,14,55,3,outdoor
512,15,55,2,outdoor
513,17,55,5,outdoor
514,18,55,1,outdoor
515,19,55,4,outdoor
516,20,55,5,outdoor
517,21,55,12,outdoor
518,22,55,5,outdoor
519,23,55,11,outdoor
520,24,55,3,outdoor
521,25,55,8,outdoor
522,26,55,4,outdoor
523,27,55,6,outdoor
524,28,55,5,outdoor
525,29,55,7,outdoor
526,31,55,4,outdoor
527,32,55,1,outdoor
528,33,55,1,outdoor
529,34,55,1,outdoor
530,35,55,2,outdoor
531,36,55,2,outdoor
532,39,55,1,outdoor
533,40,55,1,outdoor
534,8,56,1,outdoor
535,9,56,1,outdoor
536,10,56,1,outdoor
537,11,56,2,outdoor
538,12,56,2,outdoor
539,13,56,2,outdoor
540,16,56,2,outdoor
541,17,56,3,outdoor
542,18,56,2,outdoor
543,19,56,3,outdoor
544,20,56,5,outdoor
545,21,56,11,outdoor
546,22,56,4,outdoor
547,23,56,12,outdoor
548,24,56,1,outdoor
549,25,56,5,outdoor
550,26,56,4,outdoor
551,27,56,9,outdoor
552,28,56,5,outdoor
553,29,56,3,outdoor
554,31,56,5,outdoor
555,32,56,1,outdoor
556,33,56,1,outdoor
557,34,56,2,outdoor
558,35,56,1,outdoor
559,9,57,1,outdoor
560,11,57,3,outdoor
561,12,57,1,outdoor
562,14,57,2,outdoor
563,16,57,6,outdoor
564,18,57,1,outdoor
565,19,57,7,outdoor
566,20,57,3,outdoor
567,21,57,1,outdoor
568,22,57,4,outdoor
569,23,57,8,outdoor
570,24,57,2,outdoor
571,25,57,4,outdoor
572,26,57,7,outdoor
573,27,57,3,outdoor
574,28,57,8,outdoor
575,29,57,6,outdoor
576,30,57,5,outdoor
577,31,57,3,outdoor
578,32,57,3,outdoor
579,8,58,1,outdoor
580,9,58,1,outdoor
581,11,58,2,outdoor
582,12,58,4,outdoor
583,13,58,1,outdoor
584,14,58,2,outdoor
585,15,58,6,outdoor
586,16,58,1,outdoor
587,17,58,3,outdoor
588,18,58,4,outdoor
589,19,58,5,outdoor
590,20,58,5,outdoor
591,21,58,6,outdoor
592,22,58,2,outdoor
593,23,58,6,outdoor
594,24,58,5,outdoor
595,25,58,5,outdoor
596,26,58,3,outdoor
597,27,58,10,outdoor
598,28,58,9,outdoor
599,29,58,2,outdoor
600,30,58,3,outdoor
601,31,58,2,outdoor
602,32,58,2,outdoor
603,33,58,1,outdoor
604,34,58,3,outdoor
605,37,58,1,outdoor
606,43,58,1,outdoor
607,8,59,1,outdoor
608,9,59,2,outdoor
609,14,59,3,outdoor
610,15,59,6,outdoor
611,16,59,2,outdoor
612,17,59,3,outdoor
613,18,59,3,outdoor
614,19,59,2,outdoor
615,20,59,3,outdoor
616,21,59,6,outdoor
617,22,59,3,outdoor
618,23,59,5,outdoor
619,24,59,10,outdoor
620,25,59,8,outdoor
621,26,59,3,outdoor
622,27,59,8,outdoor
623,28,59,2,outdoor
624,29,59,5,outdoor
625,30,59,5,outdoor
626,31,59,1,outdoor
627,32,59,4,outdoor
628,33,59,2,outdoor
629,36,59,1,outdoor
630,39,59,1,outdoor
631,8,60,1,outdoor
632,11,60,2,outdoor
633,12,60,1,outdoor
634,13,60,1,outdoor
635,14,60,1,outdoor
636,15,60,1,outdoor
637,16,60,2,outdoor
638,18,60,4,outdoor
639,19,60,3,outdoor
640,20,60,3,outdoor
641,21,60,5,outdoor
642,22,60,5,outdoor
643,23,60,6,outdoor
644,24,60,7,outdoor
645,25,60,3,outdoor
646,26,60,4,outdoor
647,27,60,5,outdoor
648,28,60,8,outdoor
649,29,60,7,outdoor
650,30,60,6,outdoor
651,31,60,3,outdoor
652,36,60,1,outdoor
653,39,60,1,outdoor
654,12,61,3,outdoor
655,13,61,6,outdoor
656,14,61,1,outdoor
657,15,61,2,outdoor
658,17,61,4,outdoor
659,18,61,2,outdoor
660,19,61,4,outdoor
661,20,61,3,outdoor
662,21,61,5,outdoor
663,22,61,8,outdoor
664,23,61,1,outdoor
665,24,61,4,outdoor
666,25,61,5,outdoor
667,26,61,9,outdoor
668,27,61,3,outdoor
669,28,61,6,outdoor
670,29,61,5,outdoor
671,30,61,4,outdoor
672,31,61,2,outdoor
673,32,61,3,outdoor
674,33,61,6,outdoor
675,34,61,3,outdoor
676,35,61,1,outdoor
677,36,61,1,outdoor
678,-5,62,1,outdoor
679,7,62,1,outdoor
680,13,62,2,outdoor
681,16,62,2,outdoor
682,17,62,3,outdoor
683,18,62,2,outdoor
684,19,62,2,outdoor
685,20,62,1,outdoor
686,21,62,8,outdoor
687,22,62,4,outdoor
688,23,62,3,outdoor
689,24,62,9,outdoor
690,25,62,4,outdoor
691,26,62,3,outdoor
692,27,62,6,outdoor
693,28,62,14,outdoor
694,29,62,2,outdoor
695,31,62,3,outdoor
696,32,62,1,outdoor
697,33,62,1,outdoor
698,40,62,1,outdoor
699,8,63,1,outdoor
700,10,63,4,outdoor
701,11,63,1,outdoor
702,15,63,1,outdoor
703,16,63,1,outdoor
704,18,63,7,outdoor
705,20,63,2,outdoor
706,22,63,6,outdoor
707,23,63,11,outdoor
708,24,63,3,outdoor
709,25,63,5,outdoor
710,26,63,1,outdoor
711,27,63,7,outdoor
712,28,63,5,outdoor
713,29,63,6,outdoor
714,30,63,6,outdoor
715,31,63,3,outdoor
716,32,63,1,outdoor
717,33,63,3,outdoor
718,35,63,1,outdoor
719,36,63,1,outdoor
720,-3,64,1,outdoor
721,8,64,2,outdoor
722,14,64,3,outdoor
723,16,64,1,outdoor
724,17,64,3,outdoor
725,18,64,5,outdoor
726,19,64,3,outdoor
727,20,64,3,outdoor
728,21,64,6,outdoor
729,22,64,9,outdoor
730,23,64,3,outdoor
731,24,64,6,outdoor
732,25,64,11,outdoor
733,26,64,8,outdoor
734,27,64,4,outdoor
735,28,64,7,outdoor
736,29,64,4,outdoor
737,30,64,2,outdoor
738,31,64,3,outdoor
739,32,64,2,outdoor
740,33,64,2,outdoor
741,34,64,7,outdoor
742,5,65,1,outdoor
743,10,65,2,outdoor
744,11,65,2,outdoor
745,13,65,2,outdoor
746,17,65,1,outdoor
747,19,65,4,outdoor
748,20,65,2,outdoor
749,22,65,2,outdoor
750,23,65,7,outdoor
751,24,65,2,outdoor
752,25,65,10,outdoor
753,26,65,5,outdoor
754,27,65,10,outdoor
755,28,65,7,outdoor
756,29,65,3,outdoor
757,30,65,2,outdoor
758,31,65,3,outdoor
759,32,65,2,outdoor
760,33,65,1,outdoor
761,36,65,2,outdoor
762,7,66,2,outdoor
763,12,66,1,outdoor
764,13,66,1,outdoor
765,14,66,1,outdoor
766,16,66,1,outdoor
767,17,66,3,outdoor
768,18,66,1,outdoor
769,19,66,1,outdoor
770,20,66,5,outdoor
771,21,66,15,outdoor
772,22,66,6,outdoor
773,23,66,5,outdoor
774,24,66,6,outdoor
775,25,66,11,outdoor
776,26,66,18,outdoor
777,27,66,12,outdoor
778,28,66,1,outdoor
779,30,66,1,outdoor
780,31,66,1,outdoor
781,32,66,2,outdoor
782,6,67,3,outdoor
783,8,67,1,outdoor
784,10,67,2,outdoor
785,11,67,8,outdoor
786,12,67,1,outdoor
787,16,67,1,outdoor
788,17,67,3,outdoor
789,18,67,2,outdoor
790,19,67,3,outdoor
791,21,67,2,outdoor
792,22,67,9,outdoor
793,23,67,7,outdoor
794,24,67,10,outdoor
795,25,67,6,outdoor
796,26,67,11,outdoor
797,27,67,8,outdoor
798,28,67,7,outdoor
799,31,67,3,outdoor
800,32,67,4,outdoor
801,33,67,3,outdoor
802,34,67,1,outdoor
803,36,67,3,outdoor
804,38,67,1,outdoor
805,9,68,3,outdoor
806,10,68,1,outdoor
807,11,68,2,outdoor
808,12,68,2,outdoor
809,15,68,2,outdoor
810,16,68,3,outdoor
811,17,68,5,outdoor
812,18,68,4,outdoor
813,19,68,7,outdoor
814,20,68,5,outdoor
815,21,68,2,outdoor
816,22,68,4,outdoor
817,23,68,12,outdoor
818,24,68,2,outdoor
819,25,68,5,outdoor
820,26,68,5,outdoor
821,27,68,3,outdoor
822,28,68,2,outdoor
823,29,68,2,outdoor
824,30,68,1,outdoor
825,31,68,5,outdoor
826,32,68,1,outdoor
827,33,68,2,outdoor
828,34,68,2,outdoor
829,6,69,1,outdoor
830,10,69,1,outdoor
831,13,69,2,outdoor
832,16,69,1,outdoor
833,17,69,3,outdoor
834,18,69,2,outdoor
835,19,69,2,outdoor
836,20,69,4,outdoor
837,21,69,7,outdoor
838,22,69,5,outdoor
839,23,69,14,outdoor
840,24,69,11,outdoor
841,25,69,15,outdoor
842,26,69,3,outdoor
843,27,69,3,outdoor
844,28,69,5,outdoor
845,29,69,3,outdoor
846,30,69,1,outdoor
847,32,69,3,outdoor
848,33,69,2,outdoor
849,35,69,1,outdoor
850,9,70,1,outdoor
851,10,70,1,outdoor
852,13,70,1,outdoor
853,15,70,1,outdoor
854,17,70,5,outdoor
855,18,70,5,outdoor
856,19,70,5,outdoor
857,20,70,4,outdoor
858,21,70,13,outdoor
859,22,70,8,outdoor
860,23,70,13,outdoor
861,24,70,7,outdoor
862,25,70,7,outdoor
863,26,70,6,outdoor
864,27,70,2,outdoor
865,28,70,7,outdoor
866,29,70,2,outdoor
867,30,70,2,outdoor
868,31,70,1,outdoor
869,32,70,3,outdoor
870,33,70,1,outdoor
871,34,70,1,outdoor
872,38,70,1,outdoor
873,6,71,1,outdoor
874,10,71,1,outdoor
875,11,71,2,outdoor
876,13,71,1,outdoor
877,15,71,1,outdoor
878,16,71,2,outdoor
879,17,71,1,outdoor
880,18,71,3,outdoor
881,19,71,4,outdoor
882,20,71,7,outdoor
883,21,71,3,outdoor
884,22,71,3,outdoor
885,23,71,5,outdoor
886,24,71,1,outdoor
887,25,71,4,outdoor
888,26,71,10,outdoor
889,27,71,1,outdoor
890,28,71,3,outdoor
891,29,71,6,outdoor
892,30,71,3,outdoor
893,31,71,3,outdoor
894,32,71,12,outdoor
895,7,72,2,outdoor
896,9,72,2,outdoor
897,11,72,1,outdoor
898,12,72,2,outdoor
899,13,72,2,outdoor
900,14,72,3,outdoor
901,16,72,5,outdoor
902,17,72,6,outdoor
903,18,72,3,outdoor
904,19,72,2,outdoor
905,20,72,6,outdoor
906,22,72,5,outdoor
907,23,72,5,outdoor
908,24,72,7,outdoor
909,25,72,3,outdoor
910,26,72,4,outdoor
911,28,72,3,outdoor
912,29,72,3,outdoor
913,31,72,7,outdoor
914,33,72,1,outdoor
915,40,72,1,outdoor
916,5,73,1,outdoor
917,7,73,1,outdoor
918,9,73,2,outdoor
919,10,73,1,outdoor
920,11,73,1,outdoor
921,12,73,1,outdoor
922,13,73,1,outdoor
923,15,73,3,outdoor
924,16,73,1,outdoor
925,17,73,3,outdoor
926,18,73,1,outdoor
927,19,73,2,outdoor
928,20,73,3,outdoor
929,21,73,1,outdoor
930,22,73,1,outdoor
931,23,73,5,outdoor
932,24,73,4,outdoor
933,25,73,3,outdoor
934,26,73,3,outdoor
935,27,73,2,outdoor
936,28,73,3,outdoor
937,30,73,2,outdoor
938,31,73,2,outdoor
939,32,73,3,outdoor
940,33,73,1,outdoor
941,34,73,3,outdoor
942,35,73,1,outdoor
943,36,73,1,outdoor
944,7,74,1,outdoor
945,10,74,3,outdoor
946,11,74,1,outdoor
947,13,74,3,outdoor
948,14,74,1,outdoor
949,15,74,3,outdoor
950,16,74,1,outdoor
951,17,74,4,outdoor
952,18,74,2,outdoor
953,19,74,2,outdoor
954,20,74,1,outdoor
955,21,74,8,outdoor
956,22,74,5,outdoor
957,23,74,7,outdoor
958,24,74,4,outdoor
959,25,74,1,outdoor
960,26,74,3,outdoor
961,27,74,1,outdoor
962,28,74,1,outdoor
963,30,74,2,outdoor
964,32,74,1,outdoor
965,33,74,1,outdoor
966,35,74,3,outdoor
967,8,75,1,outdoor
968,12,75,1,outdoor
969,13,75,1,outdoor
970,14,75,2,outdoor
971,15,75,5,outdoor
972,16,75,3,outdoor
973,17,75,4,outdoor
974,18,75,3,outdoor
975,19,75,3,outdoor
976,20,75,2,outdoor
977,21,75,2,outdoor
978,22,75,3,outdoor
979,24,75,1,outdoor
980,25,75,1,outdoor
981,27,75,2,outdoor
982,28,75,2,outdoor
983,32,75,1,outdoor
984,36,75,1,outdoor
985,6,76,1,outdoor
986,8,76,1,outdoor
987,11,76,1,outdoor
988,12,76,1,outdoor
989,13,76,1,outdoor
990,14,76,1,outdoor
991,15,76,5,outdoor
992,16,76,2,outdoor
993,18,76,3,outdoor
994,19,76,1,outdoor
995,20,76,1,outdoor
996,21,76,4,outdoor
997,22,76,3,outdoor
998,23,76,4,outdoor
999,24,76,2,outdoor
1000,26,76,2,outdoor
1001,27,76,2,outdoor
1002,30,76,1,outdoor
1003,31,76,4,outdoor
1004,32,76,13,outdoor
1005,33,76,1,outdoor
1006,34,76,1,outdoor
1007,37,76,1,outdoor
1008,50,76,1,outdoor
1009,3,77,2,outdoor
1010,8,77,3,outdoor
1011,9,77,2,outdoor
1012,11,77,2,outdoor
1013,14,77,1,outdoor
1014,15,77,5,outdoor
1015,16,77,1,outdoor
1016,17,77,2,outdoor
1017,18,77,1,outdoor
1018,19,77,1,outdoor
1019,20,77,3,outdoor
1020,21,77,3,outdoor
1021,24,77,4,outdoor
1022,25,77,3,outdoor
1023,26,77,2,outdoor
1024,29,77,2,outdoor
1025,30,77,1,outdoor
1026,31,77,1,outdoor
1027,33,77,1,outdoor
1028,6,78,1,outdoor
1029,8,78,1,outdoor
1030,9,78,2,outdoor
1031,14,78,6,outdoor
1032,15,78,3,outdoor
1033,16,78,5,outdoor
1034,17,78,2,outdoor
1035,18,78,1,outdoor
1036,20,78,1,outdoor
1037,21,78,4,outdoor
1038,24,78,4,outdoor
1039,25,78,2,outdoor
1040,27,78,4,outdoor
1041,28,78,2,outdoor
1042,29,78,1,outdoor
1043,30,78,1,outdoor
1044,7,79,1,outdoor
1045,13,79,1,outdoor
1046,14,79,2,outdoor
1047,15,79,1,outdoor
1048,18,79,1,outdoor
1049,19,79,1,outdoor
1050,24,79,3,outdoor
1051,25,79,1,outdoor
1052,26,79,1,outdoor
1053,28,79,1,outdoor
1054,29,79,1,outdoor
1055,33,79,1,outdoor
1056,7,80,1,outdoor
1057,13,80,1,outdoor
1058,14,80,4,outdoor
1059,15,80,1,outdoor
1060,17,80,1,outdoor
1061,18,80,1,outdoor
1062,19,80,2,outdoor
1063,20,80,4,outdoor
1064,21,80,5,outdoor
1065,22,80,1,outdoor
1066,24,80,2,outdoor
1067,26,80,1,outdoor
1068,27,80,2,outdoor
1069,29,80,3,outdoor
1070,32,80,2,outdoor
1071,33,80,1,outdoor
1072,5,81,1,outdoor
1073,8,81,1,outdoor
1074,11,81,1,outdoor
1075,17,81,5,outdoor
1076,18,81,1,outdoor
1077,19,81,4,outdoor
1078,20,81,3,outdoor
1079,21,81,2,outdoor
1080,25,81,1,outdoor
1081,27,81,2,outdoor
1082,28,81,1,outdoor
1083,30,81,1,outdoor
1084,31,81,1,outdoor
1085,32,81,1,outdoor
1086,6,82,2,outdoor
1087,12,82,1,outdoor
1088,15,82,1,outdoor
1089,17,82,8,outdoor
1090,18,82,2,outdoor
1091,19,82,6,outdoor
1092,20,82,2,outdoor
1093,23,82,1,outdoor
1094,24,82,1,outdoor
1095,30,82,1,outdoor
1096,32,82,1,outdoor
1097,7,83,1,outdoor
1098,19,83,3,outdoor
1099,20,83,3,outdoor
1100,21,83,1,outdoor
1101,22,83,1,outdoor
1102,30,83,1,outdoor
1103,32,83,1,outdoor
1104,11,84,1,outdoor
1105,13,84,1,outdoor
1106,14,84,1,outdoor
1107,15,84,1,outdoor
1108,16,84,2,outdoor
1109,18,84,2,outdoor
1110,19,84,1,outdoor
1111,22,84,1,outdoor
1112,28,84,1,outdoor
1113,29,84,1,outdoor
1114,33,84,1,outdoor
1115,11,85,1,outdoor
1116,17,85,1,outdoor
1117,18,85,2,outdoor
1118,20,85,2,outdoor
1119,22,85,1,outdoor
1120,25,85,1,outdoor
1121,28,85,1,outdoor
1122,29,85,1,outdoor
1123,8,86,1,outdoor
1124,10,86,1,outdoor
1125,18,86,1,outdoor
1126,19,86,1,outdoor
1127,22,86,1,outdoor
1128,19,87,3,outdoor
1129,22,87,1,outdoor
1130,27,87,2,outdoor
1131,14,88,2,outdoor
1132,17,88,1,outdoor
1133,19,88,1,outdoor
1134,21,88,6,outdoor
1135,27,88,1,outdoor
1136,29,88,1,outdoor
1137,14,89,1,outdoor
1138,17,89,1,outdoor
1139,27,89,1,outdoor
1140,21,90,1,outdoor
1141,22,90,1,outdoor
1142,13,91,1,outdoor
1143,21,92,1,outdoor
1144,26,92,13,outdoor
1145,30,92,2,outdoor
1146,31,93,1,outdoor
1147,13,94,1,outdoor
1148,19,94,1,outdoor
1149,25,94,2,outdoor
1150,27,94,1,outdoor
1151,28,94,1,outdoor
1152,24,95,1,outdoor
1153,25,95,1,outdoor
1154,26,95,1,outdoor
